file_path	size_in_bytes	type	label	source_image_label	associated_specimen	associated_annotation_method	associated_protocol	associated_image_acquisition	file_pattern
data/SMC3CAPH/S1_000.dm4	26306004	http://bia/Image	S1		_:DT40 specimen for SBF-SEM			_:Gatan 3View SBF-SEM on FEI Quanta 250 FEG	SMC3CAPH/S1_{z:d}.dm4
data/SMC3CAPH/S1_001.dm4	26306004	http://bia/Image	S1		_:DT40 specimen for SBF-SEM			_:Gatan 3View SBF-SEM on FEI Quanta 250 FEG	SMC3CAPH/S1_{z:d}.dm4
data/SMC3CAPH/S1_002.dm4	26306185	http://bia/Image	S1		_:DT40 specimen for SBF-SEM			_:Gatan 3View SBF-SEM on FEI Quanta 250 FEG	SMC3CAPH/S1_{z:d}.dm4
data/SMC3CAPH/S1_003.dm4	26306004	http://bia/Image	S1		_:DT40 specimen for SBF-SEM			_:Gatan 3View SBF-SEM on FEI Quanta 250 FEG	SMC3CAPH/S1_{z:d}.dm4
data/SMC3CAPH/S1_004.dm4	26306004	http://bia/Image	S1		_:DT40 specimen for SBF-SEM			_:Gatan 3View SBF-SEM on FEI Quanta 250 FEG	SMC3CAPH/S1_{z:d}.dm4
data/SMC3CAPH/S1_005.dm4	26306004	http://bia/Image	S1		_:DT40 specimen for SBF-SEM			_:Gatan 3View SBF-SEM on FEI Quanta 250 FEG	SMC3CAPH/S1_{z:d}.dm4
data/SMC3CAPH/S1_006.dm4	26306185	http://bia/Image	S1		_:DT40 specimen for SBF-SEM			_:Gatan 3View SBF-SEM on FEI Quanta 250 FEG	SMC3CAPH/S1_{z:d}.dm4
data/SMC3CAPH/S1_007.dm4	26306185	http://bia/Image	S1		_:DT40 specimen for SBF-SEM			_:Gatan 3View SBF-SEM on FEI Quanta 250 FEG	SMC3CAPH/S1_{z:d}.dm4
data/SMC3CAPH/S1_008.dm4	26306004	http://bia/Image	S1		_:DT40 specimen for SBF-SEM			_:Gatan 3View SBF-SEM on FEI Quanta 250 FEG	SMC3CAPH/S1_{z:d}.dm4
data/SMC3CAPH/S1_009.dm4	26306004	http://bia/Image	S1		_:DT40 specimen for SBF-SEM			_:Gatan 3View SBF-SEM on FEI Quanta 250 FEG	SMC3CAPH/S1_{z:d}.dm4
data/SMC3CAPH/S1_010.dm4	26306004	http://bia/Image	S1		_:DT40 specimen for SBF-SEM			_:Gatan 3View SBF-SEM on FEI Quanta 250 FEG	SMC3CAPH/S1_{z:d}.dm4
data/SMC3CAPH/S1_011.dm4	26306185	http://bia/Image	S1		_:DT40 specimen for SBF-SEM			_:Gatan 3View SBF-SEM on FEI Quanta 250 FEG	SMC3CAPH/S1_{z:d}.dm4
data/SMC3CAPH/S1_012.dm4	26306004	http://bia/Image	S1		_:DT40 specimen for SBF-SEM			_:Gatan 3View SBF-SEM on FEI Quanta 250 FEG	SMC3CAPH/S1_{z:d}.dm4
data/SMC3CAPH/S1_013.dm4	26306004	http://bia/Image	S1		_:DT40 specimen for SBF-SEM			_:Gatan 3View SBF-SEM on FEI Quanta 250 FEG	SMC3CAPH/S1_{z:d}.dm4
data/SMC3CAPH/S1_014.dm4	26306098	http://bia/Image	S1		_:DT40 specimen for SBF-SEM			_:Gatan 3View SBF-SEM on FEI Quanta 250 FEG	SMC3CAPH/S1_{z:d}.dm4
data/SMC3CAPH/S1_015.dm4	26306004	http://bia/Image	S1		_:DT40 specimen for SBF-SEM			_:Gatan 3View SBF-SEM on FEI Quanta 250 FEG	SMC3CAPH/S1_{z:d}.dm4
data/SMC3CAPH/S1_016.dm4	26306098	http://bia/Image	S1		_:DT40 specimen for SBF-SEM			_:Gatan 3View SBF-SEM on FEI Quanta 250 FEG	SMC3CAPH/S1_{z:d}.dm4
data/SMC3CAPH/S1_017.dm4	26306004	http://bia/Image	S1		_:DT40 specimen for SBF-SEM			_:Gatan 3View SBF-SEM on FEI Quanta 250 FEG	SMC3CAPH/S1_{z:d}.dm4
data/SMC3CAPH/S1_018.dm4	26306004	http://bia/Image	S1		_:DT40 specimen for SBF-SEM			_:Gatan 3View SBF-SEM on FEI Quanta 250 FEG	SMC3CAPH/S1_{z:d}.dm4
data/SMC3CAPH/S1_019.dm4	26306004	http://bia/Image	S1		_:DT40 specimen for SBF-SEM			_:Gatan 3View SBF-SEM on FEI Quanta 250 FEG	SMC3CAPH/S1_{z:d}.dm4
data/SMC3CAPH/S1_020.dm4	26306098	http://bia/Image	S1		_:DT40 specimen for SBF-SEM			_:Gatan 3View SBF-SEM on FEI Quanta 250 FEG	SMC3CAPH/S1_{z:d}.dm4
data/SMC3CAPH/S1_021.dm4	26306098	http://bia/Image	S1		_:DT40 specimen for SBF-SEM			_:Gatan 3View SBF-SEM on FEI Quanta 250 FEG	SMC3CAPH/S1_{z:d}.dm4
data/SMC3CAPH/S1_022.dm4	26306004	http://bia/Image	S1		_:DT40 specimen for SBF-SEM			_:Gatan 3View SBF-SEM on FEI Quanta 250 FEG	SMC3CAPH/S1_{z:d}.dm4
data/SMC3CAPH/S1_023.dm4	26306098	http://bia/Image	S1		_:DT40 specimen for SBF-SEM			_:Gatan 3View SBF-SEM on FEI Quanta 250 FEG	SMC3CAPH/S1_{z:d}.dm4
data/SMC3CAPH/S1_024.dm4	26306004	http://bia/Image	S1		_:DT40 specimen for SBF-SEM			_:Gatan 3View SBF-SEM on FEI Quanta 250 FEG	SMC3CAPH/S1_{z:d}.dm4
data/SMC3CAPH/S1_025.dm4	26306185	http://bia/Image	S1		_:DT40 specimen for SBF-SEM			_:Gatan 3View SBF-SEM on FEI Quanta 250 FEG	SMC3CAPH/S1_{z:d}.dm4
data/SMC3CAPH/S1_026.dm4	26306004	http://bia/Image	S1		_:DT40 specimen for SBF-SEM			_:Gatan 3View SBF-SEM on FEI Quanta 250 FEG	SMC3CAPH/S1_{z:d}.dm4
data/SMC3CAPH/S1_027.dm4	26306004	http://bia/Image	S1		_:DT40 specimen for SBF-SEM			_:Gatan 3View SBF-SEM on FEI Quanta 250 FEG	SMC3CAPH/S1_{z:d}.dm4
data/SMC3CAPH/S1_028.dm4	26306004	http://bia/Image	S1		_:DT40 specimen for SBF-SEM			_:Gatan 3View SBF-SEM on FEI Quanta 250 FEG	SMC3CAPH/S1_{z:d}.dm4
data/SMC3CAPH/S1_029.dm4	26306004	http://bia/Image	S1		_:DT40 specimen for SBF-SEM			_:Gatan 3View SBF-SEM on FEI Quanta 250 FEG	SMC3CAPH/S1_{z:d}.dm4
data/SMC3CAPH/S1_030.dm4	26306004	http://bia/Image	S1		_:DT40 specimen for SBF-SEM			_:Gatan 3View SBF-SEM on FEI Quanta 250 FEG	SMC3CAPH/S1_{z:d}.dm4
data/SMC3CAPH/S1_031.dm4	26306004	http://bia/Image	S1		_:DT40 specimen for SBF-SEM			_:Gatan 3View SBF-SEM on FEI Quanta 250 FEG	SMC3CAPH/S1_{z:d}.dm4
data/SMC3CAPH/S1_032.dm4	26306004	http://bia/Image	S1		_:DT40 specimen for SBF-SEM			_:Gatan 3View SBF-SEM on FEI Quanta 250 FEG	SMC3CAPH/S1_{z:d}.dm4
data/SMC3CAPH/S1_033.dm4	26306004	http://bia/Image	S1		_:DT40 specimen for SBF-SEM			_:Gatan 3View SBF-SEM on FEI Quanta 250 FEG	SMC3CAPH/S1_{z:d}.dm4
data/SMC3CAPH/S1_034.dm4	26306004	http://bia/Image	S1		_:DT40 specimen for SBF-SEM			_:Gatan 3View SBF-SEM on FEI Quanta 250 FEG	SMC3CAPH/S1_{z:d}.dm4
data/SMC3CAPH/S1_035.dm4	26306004	http://bia/Image	S1		_:DT40 specimen for SBF-SEM			_:Gatan 3View SBF-SEM on FEI Quanta 250 FEG	SMC3CAPH/S1_{z:d}.dm4
data/SMC3CAPH/S1_036.dm4	26306004	http://bia/Image	S1		_:DT40 specimen for SBF-SEM			_:Gatan 3View SBF-SEM on FEI Quanta 250 FEG	SMC3CAPH/S1_{z:d}.dm4
data/SMC3CAPH/S1_037.dm4	26306004	http://bia/Image	S1		_:DT40 specimen for SBF-SEM			_:Gatan 3View SBF-SEM on FEI Quanta 250 FEG	SMC3CAPH/S1_{z:d}.dm4
data/SMC3CAPH/S1_038.dm4	26306185	http://bia/Image	S1		_:DT40 specimen for SBF-SEM			_:Gatan 3View SBF-SEM on FEI Quanta 250 FEG	SMC3CAPH/S1_{z:d}.dm4
data/SMC3CAPH/S1_039.dm4	26306004	http://bia/Image	S1		_:DT40 specimen for SBF-SEM			_:Gatan 3View SBF-SEM on FEI Quanta 250 FEG	SMC3CAPH/S1_{z:d}.dm4
data/SMC3CAPH/S1_040.dm4	26306004	http://bia/Image	S1		_:DT40 specimen for SBF-SEM			_:Gatan 3View SBF-SEM on FEI Quanta 250 FEG	SMC3CAPH/S1_{z:d}.dm4
data/SMC3CAPH/S1_041.dm4	26306004	http://bia/Image	S1		_:DT40 specimen for SBF-SEM			_:Gatan 3View SBF-SEM on FEI Quanta 250 FEG	SMC3CAPH/S1_{z:d}.dm4
data/SMC3CAPH/S1_042.dm4	26306004	http://bia/Image	S1		_:DT40 specimen for SBF-SEM			_:Gatan 3View SBF-SEM on FEI Quanta 250 FEG	SMC3CAPH/S1_{z:d}.dm4
data/SMC3CAPH/S1_043.dm4	26306004	http://bia/Image	S1		_:DT40 specimen for SBF-SEM			_:Gatan 3View SBF-SEM on FEI Quanta 250 FEG	SMC3CAPH/S1_{z:d}.dm4
data/SMC3CAPH/S1_044.dm4	26306098	http://bia/Image	S1		_:DT40 specimen for SBF-SEM			_:Gatan 3View SBF-SEM on FEI Quanta 250 FEG	SMC3CAPH/S1_{z:d}.dm4
data/SMC3CAPH/S1_045.dm4	26306004	http://bia/Image	S1		_:DT40 specimen for SBF-SEM			_:Gatan 3View SBF-SEM on FEI Quanta 250 FEG	SMC3CAPH/S1_{z:d}.dm4
data/SMC3CAPH/S1_046.dm4	26306004	http://bia/Image	S1		_:DT40 specimen for SBF-SEM			_:Gatan 3View SBF-SEM on FEI Quanta 250 FEG	SMC3CAPH/S1_{z:d}.dm4
data/SMC3CAPH/S1_047.dm4	26306004	http://bia/Image	S1		_:DT40 specimen for SBF-SEM			_:Gatan 3View SBF-SEM on FEI Quanta 250 FEG	SMC3CAPH/S1_{z:d}.dm4
data/SMC3CAPH/S1_048.dm4	26306004	http://bia/Image	S1		_:DT40 specimen for SBF-SEM			_:Gatan 3View SBF-SEM on FEI Quanta 250 FEG	SMC3CAPH/S1_{z:d}.dm4
data/SMC3CAPH/S1_049.dm4	26306098	http://bia/Image	S1		_:DT40 specimen for SBF-SEM			_:Gatan 3View SBF-SEM on FEI Quanta 250 FEG	SMC3CAPH/S1_{z:d}.dm4
data/SMC3CAPH/S1_050.dm4	26306004	http://bia/Image	S1		_:DT40 specimen for SBF-SEM			_:Gatan 3View SBF-SEM on FEI Quanta 250 FEG	SMC3CAPH/S1_{z:d}.dm4
data/SMC3CAPH/S1_051.dm4	26306004	http://bia/Image	S1		_:DT40 specimen for SBF-SEM			_:Gatan 3View SBF-SEM on FEI Quanta 250 FEG	SMC3CAPH/S1_{z:d}.dm4
data/SMC3CAPH/S1_052.dm4	26306004	http://bia/Image	S1		_:DT40 specimen for SBF-SEM			_:Gatan 3View SBF-SEM on FEI Quanta 250 FEG	SMC3CAPH/S1_{z:d}.dm4
data/SMC3CAPH/S1_053.dm4	26306004	http://bia/Image	S1		_:DT40 specimen for SBF-SEM			_:Gatan 3View SBF-SEM on FEI Quanta 250 FEG	SMC3CAPH/S1_{z:d}.dm4
data/SMC3CAPH/S1_054.dm4	26306004	http://bia/Image	S1		_:DT40 specimen for SBF-SEM			_:Gatan 3View SBF-SEM on FEI Quanta 250 FEG	SMC3CAPH/S1_{z:d}.dm4
data/SMC3CAPH/S1_055.dm4	26306004	http://bia/Image	S1		_:DT40 specimen for SBF-SEM			_:Gatan 3View SBF-SEM on FEI Quanta 250 FEG	SMC3CAPH/S1_{z:d}.dm4
data/SMC3CAPH/S1_056.dm4	26306185	http://bia/Image	S1		_:DT40 specimen for SBF-SEM			_:Gatan 3View SBF-SEM on FEI Quanta 250 FEG	SMC3CAPH/S1_{z:d}.dm4
data/SMC3CAPH/S1_057.dm4	26306004	http://bia/Image	S1		_:DT40 specimen for SBF-SEM			_:Gatan 3View SBF-SEM on FEI Quanta 250 FEG	SMC3CAPH/S1_{z:d}.dm4
data/SMC3CAPH/S1_058.dm4	26306185	http://bia/Image	S1		_:DT40 specimen for SBF-SEM			_:Gatan 3View SBF-SEM on FEI Quanta 250 FEG	SMC3CAPH/S1_{z:d}.dm4
data/SMC3CAPH/S1_059.dm4	26306098	http://bia/Image	S1		_:DT40 specimen for SBF-SEM			_:Gatan 3View SBF-SEM on FEI Quanta 250 FEG	SMC3CAPH/S1_{z:d}.dm4
data/SMC3CAPH/S1_060.dm4	26306004	http://bia/Image	S1		_:DT40 specimen for SBF-SEM			_:Gatan 3View SBF-SEM on FEI Quanta 250 FEG	SMC3CAPH/S1_{z:d}.dm4
data/SMC3CAPH/S1_061.dm4	26306004	http://bia/Image	S1		_:DT40 specimen for SBF-SEM			_:Gatan 3View SBF-SEM on FEI Quanta 250 FEG	SMC3CAPH/S1_{z:d}.dm4
data/SMC3CAPH/S1_062.dm4	26306004	http://bia/Image	S1		_:DT40 specimen for SBF-SEM			_:Gatan 3View SBF-SEM on FEI Quanta 250 FEG	SMC3CAPH/S1_{z:d}.dm4
data/SMC3CAPH/S1_063.dm4	26306004	http://bia/Image	S1		_:DT40 specimen for SBF-SEM			_:Gatan 3View SBF-SEM on FEI Quanta 250 FEG	SMC3CAPH/S1_{z:d}.dm4
data/SMC3CAPH/S1_064.dm4	26306185	http://bia/Image	S1		_:DT40 specimen for SBF-SEM			_:Gatan 3View SBF-SEM on FEI Quanta 250 FEG	SMC3CAPH/S1_{z:d}.dm4
data/SMC3CAPH/S1_065.dm4	26306098	http://bia/Image	S1		_:DT40 specimen for SBF-SEM			_:Gatan 3View SBF-SEM on FEI Quanta 250 FEG	SMC3CAPH/S1_{z:d}.dm4
data/SMC3CAPH/S1_066.dm4	26306004	http://bia/Image	S1		_:DT40 specimen for SBF-SEM			_:Gatan 3View SBF-SEM on FEI Quanta 250 FEG	SMC3CAPH/S1_{z:d}.dm4
data/SMC3CAPH/S1_067.dm4	26306004	http://bia/Image	S1		_:DT40 specimen for SBF-SEM			_:Gatan 3View SBF-SEM on FEI Quanta 250 FEG	SMC3CAPH/S1_{z:d}.dm4
data/SMC3CAPH/S1_068.dm4	26306004	http://bia/Image	S1		_:DT40 specimen for SBF-SEM			_:Gatan 3View SBF-SEM on FEI Quanta 250 FEG	SMC3CAPH/S1_{z:d}.dm4
data/SMC3CAPH/S1_069.dm4	26306004	http://bia/Image	S1		_:DT40 specimen for SBF-SEM			_:Gatan 3View SBF-SEM on FEI Quanta 250 FEG	SMC3CAPH/S1_{z:d}.dm4
data/SMC3CAPH/S1_070.dm4	26306004	http://bia/Image	S1		_:DT40 specimen for SBF-SEM			_:Gatan 3View SBF-SEM on FEI Quanta 250 FEG	SMC3CAPH/S1_{z:d}.dm4
data/SMC3CAPH/S1_071.dm4	26306004	http://bia/Image	S1		_:DT40 specimen for SBF-SEM			_:Gatan 3View SBF-SEM on FEI Quanta 250 FEG	SMC3CAPH/S1_{z:d}.dm4
data/SMC3CAPH/S1_072.dm4	26306004	http://bia/Image	S1		_:DT40 specimen for SBF-SEM			_:Gatan 3View SBF-SEM on FEI Quanta 250 FEG	SMC3CAPH/S1_{z:d}.dm4
data/SMC3CAPH/S1_073.dm4	26306004	http://bia/Image	S1		_:DT40 specimen for SBF-SEM			_:Gatan 3View SBF-SEM on FEI Quanta 250 FEG	SMC3CAPH/S1_{z:d}.dm4
data/SMC3CAPH/S1_074.dm4	26306004	http://bia/Image	S1		_:DT40 specimen for SBF-SEM			_:Gatan 3View SBF-SEM on FEI Quanta 250 FEG	SMC3CAPH/S1_{z:d}.dm4
data/SMC3CAPH/S1_075.dm4	26306004	http://bia/Image	S1		_:DT40 specimen for SBF-SEM			_:Gatan 3View SBF-SEM on FEI Quanta 250 FEG	SMC3CAPH/S1_{z:d}.dm4
data/SMC3CAPH/S1_076.dm4	26306004	http://bia/Image	S1		_:DT40 specimen for SBF-SEM			_:Gatan 3View SBF-SEM on FEI Quanta 250 FEG	SMC3CAPH/S1_{z:d}.dm4
data/SMC3CAPH/S1_077.dm4	26306004	http://bia/Image	S1		_:DT40 specimen for SBF-SEM			_:Gatan 3View SBF-SEM on FEI Quanta 250 FEG	SMC3CAPH/S1_{z:d}.dm4
data/SMC3CAPH/S1_078.dm4	26306185	http://bia/Image	S1		_:DT40 specimen for SBF-SEM			_:Gatan 3View SBF-SEM on FEI Quanta 250 FEG	SMC3CAPH/S1_{z:d}.dm4
data/SMC3CAPH/S1_079.dm4	26306098	http://bia/Image	S1		_:DT40 specimen for SBF-SEM			_:Gatan 3View SBF-SEM on FEI Quanta 250 FEG	SMC3CAPH/S1_{z:d}.dm4
data/SMC3CAPH/S1_080.dm4	26306004	http://bia/Image	S1		_:DT40 specimen for SBF-SEM			_:Gatan 3View SBF-SEM on FEI Quanta 250 FEG	SMC3CAPH/S1_{z:d}.dm4
data/SMC3CAPH/S1_081.dm4	26306004	http://bia/Image	S1		_:DT40 specimen for SBF-SEM			_:Gatan 3View SBF-SEM on FEI Quanta 250 FEG	SMC3CAPH/S1_{z:d}.dm4
data/SMC3CAPH/S1_082.dm4	26306098	http://bia/Image	S1		_:DT40 specimen for SBF-SEM			_:Gatan 3View SBF-SEM on FEI Quanta 250 FEG	SMC3CAPH/S1_{z:d}.dm4
data/SMC3CAPH/S1_083.dm4	26306004	http://bia/Image	S1		_:DT40 specimen for SBF-SEM			_:Gatan 3View SBF-SEM on FEI Quanta 250 FEG	SMC3CAPH/S1_{z:d}.dm4
data/SMC3CAPH/S1_084.dm4	26306004	http://bia/Image	S1		_:DT40 specimen for SBF-SEM			_:Gatan 3View SBF-SEM on FEI Quanta 250 FEG	SMC3CAPH/S1_{z:d}.dm4
data/SMC3CAPH/S1_085.dm4	26306004	http://bia/Image	S1		_:DT40 specimen for SBF-SEM			_:Gatan 3View SBF-SEM on FEI Quanta 250 FEG	SMC3CAPH/S1_{z:d}.dm4
data/SMC3CAPH/S1_086.dm4	26306004	http://bia/Image	S1		_:DT40 specimen for SBF-SEM			_:Gatan 3View SBF-SEM on FEI Quanta 250 FEG	SMC3CAPH/S1_{z:d}.dm4
data/SMC3CAPH/S1_087.dm4	26306004	http://bia/Image	S1		_:DT40 specimen for SBF-SEM			_:Gatan 3View SBF-SEM on FEI Quanta 250 FEG	SMC3CAPH/S1_{z:d}.dm4
data/SMC3CAPH/S1_088.dm4	26306004	http://bia/Image	S1		_:DT40 specimen for SBF-SEM			_:Gatan 3View SBF-SEM on FEI Quanta 250 FEG	SMC3CAPH/S1_{z:d}.dm4
data/SMC3CAPH/S1_089.dm4	26306004	http://bia/Image	S1		_:DT40 specimen for SBF-SEM			_:Gatan 3View SBF-SEM on FEI Quanta 250 FEG	SMC3CAPH/S1_{z:d}.dm4
data/SMC3CAPH/S1_090.dm4	26306098	http://bia/Image	S1		_:DT40 specimen for SBF-SEM			_:Gatan 3View SBF-SEM on FEI Quanta 250 FEG	SMC3CAPH/S1_{z:d}.dm4
data/SMC3CAPH/S1_091.dm4	26306004	http://bia/Image	S1		_:DT40 specimen for SBF-SEM			_:Gatan 3View SBF-SEM on FEI Quanta 250 FEG	SMC3CAPH/S1_{z:d}.dm4
data/SMC3CAPH/S1_092.dm4	26306004	http://bia/Image	S1		_:DT40 specimen for SBF-SEM			_:Gatan 3View SBF-SEM on FEI Quanta 250 FEG	SMC3CAPH/S1_{z:d}.dm4
data/SMC3CAPH/S1_093.dm4	26306004	http://bia/Image	S1		_:DT40 specimen for SBF-SEM			_:Gatan 3View SBF-SEM on FEI Quanta 250 FEG	SMC3CAPH/S1_{z:d}.dm4
data/SMC3CAPH/S1_094.dm4	26306004	http://bia/Image	S1		_:DT40 specimen for SBF-SEM			_:Gatan 3View SBF-SEM on FEI Quanta 250 FEG	SMC3CAPH/S1_{z:d}.dm4
data/SMC3CAPH/S1_095.dm4	26306185	http://bia/Image	S1		_:DT40 specimen for SBF-SEM			_:Gatan 3View SBF-SEM on FEI Quanta 250 FEG	SMC3CAPH/S1_{z:d}.dm4
data/SMC3CAPH/S1_096.dm4	26306004	http://bia/Image	S1		_:DT40 specimen for SBF-SEM			_:Gatan 3View SBF-SEM on FEI Quanta 250 FEG	SMC3CAPH/S1_{z:d}.dm4
data/SMC3CAPH/S1_097.dm4	26306004	http://bia/Image	S1		_:DT40 specimen for SBF-SEM			_:Gatan 3View SBF-SEM on FEI Quanta 250 FEG	SMC3CAPH/S1_{z:d}.dm4
data/SMC3CAPH/S1_098.dm4	26306185	http://bia/Image	S1		_:DT40 specimen for SBF-SEM			_:Gatan 3View SBF-SEM on FEI Quanta 250 FEG	SMC3CAPH/S1_{z:d}.dm4
data/SMC3CAPH/S1_099.dm4	26306004	http://bia/Image	S1		_:DT40 specimen for SBF-SEM			_:Gatan 3View SBF-SEM on FEI Quanta 250 FEG	SMC3CAPH/S1_{z:d}.dm4
data/SMC3CAPH/S1_100.dm4	26306004	http://bia/Image	S1		_:DT40 specimen for SBF-SEM			_:Gatan 3View SBF-SEM on FEI Quanta 250 FEG	SMC3CAPH/S1_{z:d}.dm4
data/SMC3CAPH/S1_101.dm4	26306004	http://bia/Image	S1		_:DT40 specimen for SBF-SEM			_:Gatan 3View SBF-SEM on FEI Quanta 250 FEG	SMC3CAPH/S1_{z:d}.dm4
data/SMC3CAPH/S1_102.dm4	26306004	http://bia/Image	S1		_:DT40 specimen for SBF-SEM			_:Gatan 3View SBF-SEM on FEI Quanta 250 FEG	SMC3CAPH/S1_{z:d}.dm4
data/SMC3CAPH/S1_103.dm4	26306004	http://bia/Image	S1		_:DT40 specimen for SBF-SEM			_:Gatan 3View SBF-SEM on FEI Quanta 250 FEG	SMC3CAPH/S1_{z:d}.dm4
data/SMC3CAPH/S1_104.dm4	26306098	http://bia/Image	S1		_:DT40 specimen for SBF-SEM			_:Gatan 3View SBF-SEM on FEI Quanta 250 FEG	SMC3CAPH/S1_{z:d}.dm4
data/SMC3CAPH/S1_105.dm4	26306004	http://bia/Image	S1		_:DT40 specimen for SBF-SEM			_:Gatan 3View SBF-SEM on FEI Quanta 250 FEG	SMC3CAPH/S1_{z:d}.dm4
data/SMC3CAPH/S1_106.dm4	26306004	http://bia/Image	S1		_:DT40 specimen for SBF-SEM			_:Gatan 3View SBF-SEM on FEI Quanta 250 FEG	SMC3CAPH/S1_{z:d}.dm4
data/SMC3CAPH/S1_107.dm4	26306098	http://bia/Image	S1		_:DT40 specimen for SBF-SEM			_:Gatan 3View SBF-SEM on FEI Quanta 250 FEG	SMC3CAPH/S1_{z:d}.dm4
data/SMC3CAPH/S1_108.dm4	26306098	http://bia/Image	S1		_:DT40 specimen for SBF-SEM			_:Gatan 3View SBF-SEM on FEI Quanta 250 FEG	SMC3CAPH/S1_{z:d}.dm4
data/SMC3CAPH/S1_109.dm4	26306004	http://bia/Image	S1		_:DT40 specimen for SBF-SEM			_:Gatan 3View SBF-SEM on FEI Quanta 250 FEG	SMC3CAPH/S1_{z:d}.dm4
data/SMC3CAPH/S1_110.dm4	26306004	http://bia/Image	S1		_:DT40 specimen for SBF-SEM			_:Gatan 3View SBF-SEM on FEI Quanta 250 FEG	SMC3CAPH/S1_{z:d}.dm4
data/SMC3CAPH/S1_111.dm4	26306004	http://bia/Image	S1		_:DT40 specimen for SBF-SEM			_:Gatan 3View SBF-SEM on FEI Quanta 250 FEG	SMC3CAPH/S1_{z:d}.dm4
data/SMC3CAPH/S1_112.dm4	26306004	http://bia/Image	S1		_:DT40 specimen for SBF-SEM			_:Gatan 3View SBF-SEM on FEI Quanta 250 FEG	SMC3CAPH/S1_{z:d}.dm4
data/SMC3CAPH/S1_113.dm4	26306004	http://bia/Image	S1		_:DT40 specimen for SBF-SEM			_:Gatan 3View SBF-SEM on FEI Quanta 250 FEG	SMC3CAPH/S1_{z:d}.dm4
data/SMC3CAPH/S1_114.dm4	26306004	http://bia/Image	S1		_:DT40 specimen for SBF-SEM			_:Gatan 3View SBF-SEM on FEI Quanta 250 FEG	SMC3CAPH/S1_{z:d}.dm4
data/SMC3CAPH/S1_115.dm4	26306004	http://bia/Image	S1		_:DT40 specimen for SBF-SEM			_:Gatan 3View SBF-SEM on FEI Quanta 250 FEG	SMC3CAPH/S1_{z:d}.dm4
data/SMC3CAPH/S1_116.dm4	26306004	http://bia/Image	S1		_:DT40 specimen for SBF-SEM			_:Gatan 3View SBF-SEM on FEI Quanta 250 FEG	SMC3CAPH/S1_{z:d}.dm4
data/SMC3CAPH/S1_117.dm4	26306004	http://bia/Image	S1		_:DT40 specimen for SBF-SEM			_:Gatan 3View SBF-SEM on FEI Quanta 250 FEG	SMC3CAPH/S1_{z:d}.dm4
data/SMC3CAPH/S1_118.dm4	26306185	http://bia/Image	S1		_:DT40 specimen for SBF-SEM			_:Gatan 3View SBF-SEM on FEI Quanta 250 FEG	SMC3CAPH/S1_{z:d}.dm4
data/SMC3CAPH/S1_119.dm4	26306004	http://bia/Image	S1		_:DT40 specimen for SBF-SEM			_:Gatan 3View SBF-SEM on FEI Quanta 250 FEG	SMC3CAPH/S1_{z:d}.dm4
data/SMC3CAPH/S1_120.dm4	26306004	http://bia/Image	S1		_:DT40 specimen for SBF-SEM			_:Gatan 3View SBF-SEM on FEI Quanta 250 FEG	SMC3CAPH/S1_{z:d}.dm4
data/SMC3CAPH/S1_121.dm4	26306004	http://bia/Image	S1		_:DT40 specimen for SBF-SEM			_:Gatan 3View SBF-SEM on FEI Quanta 250 FEG	SMC3CAPH/S1_{z:d}.dm4
data/SMC3CAPH/S1_122.dm4	26306004	http://bia/Image	S1		_:DT40 specimen for SBF-SEM			_:Gatan 3View SBF-SEM on FEI Quanta 250 FEG	SMC3CAPH/S1_{z:d}.dm4
data/SMC3CAPH/S1_123.dm4	26306004	http://bia/Image	S1		_:DT40 specimen for SBF-SEM			_:Gatan 3View SBF-SEM on FEI Quanta 250 FEG	SMC3CAPH/S1_{z:d}.dm4
data/SMC3CAPH/S1_124.dm4	26306004	http://bia/Image	S1		_:DT40 specimen for SBF-SEM			_:Gatan 3View SBF-SEM on FEI Quanta 250 FEG	SMC3CAPH/S1_{z:d}.dm4
data/SMC3CAPH/S1_125.dm4	26306185	http://bia/Image	S1		_:DT40 specimen for SBF-SEM			_:Gatan 3View SBF-SEM on FEI Quanta 250 FEG	SMC3CAPH/S1_{z:d}.dm4
data/SMC3CAPH/S1_126.dm4	26306098	http://bia/Image	S1		_:DT40 specimen for SBF-SEM			_:Gatan 3View SBF-SEM on FEI Quanta 250 FEG	SMC3CAPH/S1_{z:d}.dm4
data/SMC3CAPH/S1_127.dm4	26306098	http://bia/Image	S1		_:DT40 specimen for SBF-SEM			_:Gatan 3View SBF-SEM on FEI Quanta 250 FEG	SMC3CAPH/S1_{z:d}.dm4
data/SMC3CAPH/S1_128.dm4	26306004	http://bia/Image	S1		_:DT40 specimen for SBF-SEM			_:Gatan 3View SBF-SEM on FEI Quanta 250 FEG	SMC3CAPH/S1_{z:d}.dm4
data/SMC3CAPH/S1_129.dm4	26306004	http://bia/Image	S1		_:DT40 specimen for SBF-SEM			_:Gatan 3View SBF-SEM on FEI Quanta 250 FEG	SMC3CAPH/S1_{z:d}.dm4
data/SMC3CAPH/S1_130.dm4	26306004	http://bia/Image	S1		_:DT40 specimen for SBF-SEM			_:Gatan 3View SBF-SEM on FEI Quanta 250 FEG	SMC3CAPH/S1_{z:d}.dm4
data/SMC3CAPH/S1_131.dm4	26306004	http://bia/Image	S1		_:DT40 specimen for SBF-SEM			_:Gatan 3View SBF-SEM on FEI Quanta 250 FEG	SMC3CAPH/S1_{z:d}.dm4
data/SMC3CAPH/S1_132.dm4	26306004	http://bia/Image	S1		_:DT40 specimen for SBF-SEM			_:Gatan 3View SBF-SEM on FEI Quanta 250 FEG	SMC3CAPH/S1_{z:d}.dm4
data/SMC3CAPH/S1_133.dm4	26306004	http://bia/Image	S1		_:DT40 specimen for SBF-SEM			_:Gatan 3View SBF-SEM on FEI Quanta 250 FEG	SMC3CAPH/S1_{z:d}.dm4
data/SMC3CAPH/S1_134.dm4	26306004	http://bia/Image	S1		_:DT40 specimen for SBF-SEM			_:Gatan 3View SBF-SEM on FEI Quanta 250 FEG	SMC3CAPH/S1_{z:d}.dm4
data/SMC3CAPH/S1_135.dm4	26306004	http://bia/Image	S1		_:DT40 specimen for SBF-SEM			_:Gatan 3View SBF-SEM on FEI Quanta 250 FEG	SMC3CAPH/S1_{z:d}.dm4
data/SMC3CAPH/S1_136.dm4	26306004	http://bia/Image	S1		_:DT40 specimen for SBF-SEM			_:Gatan 3View SBF-SEM on FEI Quanta 250 FEG	SMC3CAPH/S1_{z:d}.dm4
data/SMC3CAPH/S1_137.dm4	26306004	http://bia/Image	S1		_:DT40 specimen for SBF-SEM			_:Gatan 3View SBF-SEM on FEI Quanta 250 FEG	SMC3CAPH/S1_{z:d}.dm4
data/SMC3CAPH/S1_138.dm4	26306185	http://bia/Image	S1		_:DT40 specimen for SBF-SEM			_:Gatan 3View SBF-SEM on FEI Quanta 250 FEG	SMC3CAPH/S1_{z:d}.dm4
data/SMC3CAPH/S1_139.dm4	26306004	http://bia/Image	S1		_:DT40 specimen for SBF-SEM			_:Gatan 3View SBF-SEM on FEI Quanta 250 FEG	SMC3CAPH/S1_{z:d}.dm4
data/SMC3CAPH/S1_140.dm4	26306004	http://bia/Image	S1		_:DT40 specimen for SBF-SEM			_:Gatan 3View SBF-SEM on FEI Quanta 250 FEG	SMC3CAPH/S1_{z:d}.dm4
data/SMC3CAPH/S1_141.dm4	26306004	http://bia/Image	S1		_:DT40 specimen for SBF-SEM			_:Gatan 3View SBF-SEM on FEI Quanta 250 FEG	SMC3CAPH/S1_{z:d}.dm4
data/SMC3CAPH/S1_142.dm4	26306004	http://bia/Image	S1		_:DT40 specimen for SBF-SEM			_:Gatan 3View SBF-SEM on FEI Quanta 250 FEG	SMC3CAPH/S1_{z:d}.dm4
data/SMC3CAPH/S1_143.dm4	26306004	http://bia/Image	S1		_:DT40 specimen for SBF-SEM			_:Gatan 3View SBF-SEM on FEI Quanta 250 FEG	SMC3CAPH/S1_{z:d}.dm4
data/SMC3CAPH/S1_144.dm4	26306004	http://bia/Image	S1		_:DT40 specimen for SBF-SEM			_:Gatan 3View SBF-SEM on FEI Quanta 250 FEG	SMC3CAPH/S1_{z:d}.dm4
data/SMC3CAPH/S1_145.dm4	26306098	http://bia/Image	S1		_:DT40 specimen for SBF-SEM			_:Gatan 3View SBF-SEM on FEI Quanta 250 FEG	SMC3CAPH/S1_{z:d}.dm4
data/SMC3CAPH/S1_146.dm4	26306004	http://bia/Image	S1		_:DT40 specimen for SBF-SEM			_:Gatan 3View SBF-SEM on FEI Quanta 250 FEG	SMC3CAPH/S1_{z:d}.dm4
data/SMC3CAPH/S1_147.dm4	26306004	http://bia/Image	S1		_:DT40 specimen for SBF-SEM			_:Gatan 3View SBF-SEM on FEI Quanta 250 FEG	SMC3CAPH/S1_{z:d}.dm4
data/SMC3CAPH/S1_148.dm4	26306004	http://bia/Image	S1		_:DT40 specimen for SBF-SEM			_:Gatan 3View SBF-SEM on FEI Quanta 250 FEG	SMC3CAPH/S1_{z:d}.dm4
data/SMC3CAPH/S1_149.dm4	26306004	http://bia/Image	S1		_:DT40 specimen for SBF-SEM			_:Gatan 3View SBF-SEM on FEI Quanta 250 FEG	SMC3CAPH/S1_{z:d}.dm4
data/SMC3CAPH/S1_150.dm4	26306004	http://bia/Image	S1		_:DT40 specimen for SBF-SEM			_:Gatan 3View SBF-SEM on FEI Quanta 250 FEG	SMC3CAPH/S1_{z:d}.dm4
data/SMC3CAPH/S1_151.dm4	26306004	http://bia/Image	S1		_:DT40 specimen for SBF-SEM			_:Gatan 3View SBF-SEM on FEI Quanta 250 FEG	SMC3CAPH/S1_{z:d}.dm4
data/SMC3CAPH/S1_152.dm4	26306098	http://bia/Image	S1		_:DT40 specimen for SBF-SEM			_:Gatan 3View SBF-SEM on FEI Quanta 250 FEG	SMC3CAPH/S1_{z:d}.dm4
data/SMC3CAPH/S1_153.dm4	26306004	http://bia/Image	S1		_:DT40 specimen for SBF-SEM			_:Gatan 3View SBF-SEM on FEI Quanta 250 FEG	SMC3CAPH/S1_{z:d}.dm4
data/SMC3CAPH/S1_154.dm4	26306004	http://bia/Image	S1		_:DT40 specimen for SBF-SEM			_:Gatan 3View SBF-SEM on FEI Quanta 250 FEG	SMC3CAPH/S1_{z:d}.dm4
data/SMC3CAPH/S1_155.dm4	26306004	http://bia/Image	S1		_:DT40 specimen for SBF-SEM			_:Gatan 3View SBF-SEM on FEI Quanta 250 FEG	SMC3CAPH/S1_{z:d}.dm4
data/SMC3CAPH/S1_156.dm4	26306004	http://bia/Image	S1		_:DT40 specimen for SBF-SEM			_:Gatan 3View SBF-SEM on FEI Quanta 250 FEG	SMC3CAPH/S1_{z:d}.dm4
data/SMC3CAPH/S1_157.dm4	26306185	http://bia/Image	S1		_:DT40 specimen for SBF-SEM			_:Gatan 3View SBF-SEM on FEI Quanta 250 FEG	SMC3CAPH/S1_{z:d}.dm4
data/SMC3CAPH/S1_158.dm4	26306185	http://bia/Image	S1		_:DT40 specimen for SBF-SEM			_:Gatan 3View SBF-SEM on FEI Quanta 250 FEG	SMC3CAPH/S1_{z:d}.dm4
data/SMC3CAPH/S1_159.dm4	26306098	http://bia/Image	S1		_:DT40 specimen for SBF-SEM			_:Gatan 3View SBF-SEM on FEI Quanta 250 FEG	SMC3CAPH/S1_{z:d}.dm4
data/SMC3CAPH/S1_160.dm4	26306004	http://bia/Image	S1		_:DT40 specimen for SBF-SEM			_:Gatan 3View SBF-SEM on FEI Quanta 250 FEG	SMC3CAPH/S1_{z:d}.dm4
data/SMC3CAPH/S1_161.dm4	26306004	http://bia/Image	S1		_:DT40 specimen for SBF-SEM			_:Gatan 3View SBF-SEM on FEI Quanta 250 FEG	SMC3CAPH/S1_{z:d}.dm4
data/SMC3CAPH/S1_162.dm4	26306004	http://bia/Image	S1		_:DT40 specimen for SBF-SEM			_:Gatan 3View SBF-SEM on FEI Quanta 250 FEG	SMC3CAPH/S1_{z:d}.dm4
data/SMC3CAPH/S1_163.dm4	26306004	http://bia/Image	S1		_:DT40 specimen for SBF-SEM			_:Gatan 3View SBF-SEM on FEI Quanta 250 FEG	SMC3CAPH/S1_{z:d}.dm4
data/SMC3CAPH/S1_164.dm4	26306004	http://bia/Image	S1		_:DT40 specimen for SBF-SEM			_:Gatan 3View SBF-SEM on FEI Quanta 250 FEG	SMC3CAPH/S1_{z:d}.dm4
data/SMC3CAPH/S1_165.dm4	26306004	http://bia/Image	S1		_:DT40 specimen for SBF-SEM			_:Gatan 3View SBF-SEM on FEI Quanta 250 FEG	SMC3CAPH/S1_{z:d}.dm4
data/SMC3CAPH/S1_166.dm4	26306098	http://bia/Image	S1		_:DT40 specimen for SBF-SEM			_:Gatan 3View SBF-SEM on FEI Quanta 250 FEG	SMC3CAPH/S1_{z:d}.dm4
data/SMC3CAPH/S1_167.dm4	26306004	http://bia/Image	S1		_:DT40 specimen for SBF-SEM			_:Gatan 3View SBF-SEM on FEI Quanta 250 FEG	SMC3CAPH/S1_{z:d}.dm4
data/SMC3CAPH/S1_168.dm4	26306004	http://bia/Image	S1		_:DT40 specimen for SBF-SEM			_:Gatan 3View SBF-SEM on FEI Quanta 250 FEG	SMC3CAPH/S1_{z:d}.dm4
data/SMC3CAPH/S1_169.dm4	26306004	http://bia/Image	S1		_:DT40 specimen for SBF-SEM			_:Gatan 3View SBF-SEM on FEI Quanta 250 FEG	SMC3CAPH/S1_{z:d}.dm4
data/SMC3CAPH/S1_170.dm4	26306004	http://bia/Image	S1		_:DT40 specimen for SBF-SEM			_:Gatan 3View SBF-SEM on FEI Quanta 250 FEG	SMC3CAPH/S1_{z:d}.dm4
data/SMC3CAPH/S1_171.dm4	26306185	http://bia/Image	S1		_:DT40 specimen for SBF-SEM			_:Gatan 3View SBF-SEM on FEI Quanta 250 FEG	SMC3CAPH/S1_{z:d}.dm4
data/SMC3CAPH/S1_172.dm4	26306004	http://bia/Image	S1		_:DT40 specimen for SBF-SEM			_:Gatan 3View SBF-SEM on FEI Quanta 250 FEG	SMC3CAPH/S1_{z:d}.dm4
data/SMC3CAPH/S1_173.dm4	26306004	http://bia/Image	S1		_:DT40 specimen for SBF-SEM			_:Gatan 3View SBF-SEM on FEI Quanta 250 FEG	SMC3CAPH/S1_{z:d}.dm4
data/SMC3CAPH/S1_174.dm4	26306004	http://bia/Image	S1		_:DT40 specimen for SBF-SEM			_:Gatan 3View SBF-SEM on FEI Quanta 250 FEG	SMC3CAPH/S1_{z:d}.dm4
data/SMC3CAPH/S1_175.dm4	26306004	http://bia/Image	S1		_:DT40 specimen for SBF-SEM			_:Gatan 3View SBF-SEM on FEI Quanta 250 FEG	SMC3CAPH/S1_{z:d}.dm4
data/SMC3CAPH/S1_176.dm4	26306004	http://bia/Image	S1		_:DT40 specimen for SBF-SEM			_:Gatan 3View SBF-SEM on FEI Quanta 250 FEG	SMC3CAPH/S1_{z:d}.dm4
data/SMC3CAPH/S1_177.dm4	26306004	http://bia/Image	S1		_:DT40 specimen for SBF-SEM			_:Gatan 3View SBF-SEM on FEI Quanta 250 FEG	SMC3CAPH/S1_{z:d}.dm4
data/SMC3CAPH/S1_178.dm4	26306004	http://bia/Image	S1		_:DT40 specimen for SBF-SEM			_:Gatan 3View SBF-SEM on FEI Quanta 250 FEG	SMC3CAPH/S1_{z:d}.dm4
data/SMC3CAPH/S1_179.dm4	26306004	http://bia/Image	S1		_:DT40 specimen for SBF-SEM			_:Gatan 3View SBF-SEM on FEI Quanta 250 FEG	SMC3CAPH/S1_{z:d}.dm4
data/SMC3CAPH/S1_180.dm4	26306004	http://bia/Image	S1		_:DT40 specimen for SBF-SEM			_:Gatan 3View SBF-SEM on FEI Quanta 250 FEG	SMC3CAPH/S1_{z:d}.dm4
data/SMC3CAPH/S1_181.dm4	26306004	http://bia/Image	S1		_:DT40 specimen for SBF-SEM			_:Gatan 3View SBF-SEM on FEI Quanta 250 FEG	SMC3CAPH/S1_{z:d}.dm4
data/SMC3CAPH/S1_182.dm4	26306004	http://bia/Image	S1		_:DT40 specimen for SBF-SEM			_:Gatan 3View SBF-SEM on FEI Quanta 250 FEG	SMC3CAPH/S1_{z:d}.dm4
data/SMC3CAPH/S1_183.dm4	26306004	http://bia/Image	S1		_:DT40 specimen for SBF-SEM			_:Gatan 3View SBF-SEM on FEI Quanta 250 FEG	SMC3CAPH/S1_{z:d}.dm4
data/SMC3CAPH/S1_184.dm4	26306098	http://bia/Image	S1		_:DT40 specimen for SBF-SEM			_:Gatan 3View SBF-SEM on FEI Quanta 250 FEG	SMC3CAPH/S1_{z:d}.dm4
data/SMC3CAPH/S1_185.dm4	26306004	http://bia/Image	S1		_:DT40 specimen for SBF-SEM			_:Gatan 3View SBF-SEM on FEI Quanta 250 FEG	SMC3CAPH/S1_{z:d}.dm4
data/SMC3CAPH/S1_186.dm4	26306004	http://bia/Image	S1		_:DT40 specimen for SBF-SEM			_:Gatan 3View SBF-SEM on FEI Quanta 250 FEG	SMC3CAPH/S1_{z:d}.dm4
data/SMC3CAPH/S1_187.dm4	26306004	http://bia/Image	S1		_:DT40 specimen for SBF-SEM			_:Gatan 3View SBF-SEM on FEI Quanta 250 FEG	SMC3CAPH/S1_{z:d}.dm4
data/SMC3CAPH/S1_188.dm4	26306004	http://bia/Image	S1		_:DT40 specimen for SBF-SEM			_:Gatan 3View SBF-SEM on FEI Quanta 250 FEG	SMC3CAPH/S1_{z:d}.dm4
data/SMC3CAPH/S1_189.dm4	26306004	http://bia/Image	S1		_:DT40 specimen for SBF-SEM			_:Gatan 3View SBF-SEM on FEI Quanta 250 FEG	SMC3CAPH/S1_{z:d}.dm4
data/SMC3CAPH/S1_190.dm4	26306004	http://bia/Image	S1		_:DT40 specimen for SBF-SEM			_:Gatan 3View SBF-SEM on FEI Quanta 250 FEG	SMC3CAPH/S1_{z:d}.dm4
data/SMC3CAPH/S1_191.dm4	26306004	http://bia/Image	S1		_:DT40 specimen for SBF-SEM			_:Gatan 3View SBF-SEM on FEI Quanta 250 FEG	SMC3CAPH/S1_{z:d}.dm4
data/SMC3CAPH/S1_192.dm4	26306004	http://bia/Image	S1		_:DT40 specimen for SBF-SEM			_:Gatan 3View SBF-SEM on FEI Quanta 250 FEG	SMC3CAPH/S1_{z:d}.dm4
data/SMC3CAPH/S1_193.dm4	26306004	http://bia/Image	S1		_:DT40 specimen for SBF-SEM			_:Gatan 3View SBF-SEM on FEI Quanta 250 FEG	SMC3CAPH/S1_{z:d}.dm4
data/SMC3CAPH/S1_194.dm4	26306004	http://bia/Image	S1		_:DT40 specimen for SBF-SEM			_:Gatan 3View SBF-SEM on FEI Quanta 250 FEG	SMC3CAPH/S1_{z:d}.dm4
data/SMC3CAPH/S1_195.dm4	26306004	http://bia/Image	S1		_:DT40 specimen for SBF-SEM			_:Gatan 3View SBF-SEM on FEI Quanta 250 FEG	SMC3CAPH/S1_{z:d}.dm4
data/SMC3CAPH/S1_196.dm4	26306004	http://bia/Image	S1		_:DT40 specimen for SBF-SEM			_:Gatan 3View SBF-SEM on FEI Quanta 250 FEG	SMC3CAPH/S1_{z:d}.dm4
data/SMC3CAPH/S1_197.dm4	26306004	http://bia/Image	S1		_:DT40 specimen for SBF-SEM			_:Gatan 3View SBF-SEM on FEI Quanta 250 FEG	SMC3CAPH/S1_{z:d}.dm4
data/SMC3CAPH/S1_198.dm4	26306185	http://bia/Image	S1		_:DT40 specimen for SBF-SEM			_:Gatan 3View SBF-SEM on FEI Quanta 250 FEG	SMC3CAPH/S1_{z:d}.dm4
data/SMC3CAPH/S1_199.dm4	26306004	http://bia/Image	S1		_:DT40 specimen for SBF-SEM			_:Gatan 3View SBF-SEM on FEI Quanta 250 FEG	SMC3CAPH/S1_{z:d}.dm4
data/SMC3CAPH/S1_200.dm4	26306004	http://bia/Image	S1		_:DT40 specimen for SBF-SEM			_:Gatan 3View SBF-SEM on FEI Quanta 250 FEG	SMC3CAPH/S1_{z:d}.dm4
data/SMC3CAPH/S1_201.dm4	26306004	http://bia/Image	S1		_:DT40 specimen for SBF-SEM			_:Gatan 3View SBF-SEM on FEI Quanta 250 FEG	SMC3CAPH/S1_{z:d}.dm4
data/SMC3CAPH/S1_202.dm4	26306004	http://bia/Image	S1		_:DT40 specimen for SBF-SEM			_:Gatan 3View SBF-SEM on FEI Quanta 250 FEG	SMC3CAPH/S1_{z:d}.dm4
data/SMC3CAPH/S1_203.dm4	26306004	http://bia/Image	S1		_:DT40 specimen for SBF-SEM			_:Gatan 3View SBF-SEM on FEI Quanta 250 FEG	SMC3CAPH/S1_{z:d}.dm4
data/SMC3CAPH/S1_204.dm4	26306004	http://bia/Image	S1		_:DT40 specimen for SBF-SEM			_:Gatan 3View SBF-SEM on FEI Quanta 250 FEG	SMC3CAPH/S1_{z:d}.dm4
data/SMC3CAPH/S1_205.dm4	26306098	http://bia/Image	S1		_:DT40 specimen for SBF-SEM			_:Gatan 3View SBF-SEM on FEI Quanta 250 FEG	SMC3CAPH/S1_{z:d}.dm4
data/SMC3CAPH/S1_206.dm4	26306004	http://bia/Image	S1		_:DT40 specimen for SBF-SEM			_:Gatan 3View SBF-SEM on FEI Quanta 250 FEG	SMC3CAPH/S1_{z:d}.dm4
data/SMC3CAPH/S1_207.dm4	26306004	http://bia/Image	S1		_:DT40 specimen for SBF-SEM			_:Gatan 3View SBF-SEM on FEI Quanta 250 FEG	SMC3CAPH/S1_{z:d}.dm4
data/SMC3CAPH/S1_208.dm4	26306004	http://bia/Image	S1		_:DT40 specimen for SBF-SEM			_:Gatan 3View SBF-SEM on FEI Quanta 250 FEG	SMC3CAPH/S1_{z:d}.dm4
data/SMC3CAPH/S1_209.dm4	26306185	http://bia/Image	S1		_:DT40 specimen for SBF-SEM			_:Gatan 3View SBF-SEM on FEI Quanta 250 FEG	SMC3CAPH/S1_{z:d}.dm4
data/SMC3CAPH/S1_210.dm4	26306004	http://bia/Image	S1		_:DT40 specimen for SBF-SEM			_:Gatan 3View SBF-SEM on FEI Quanta 250 FEG	SMC3CAPH/S1_{z:d}.dm4
data/SMC3CAPH/S1_211.dm4	26306004	http://bia/Image	S1		_:DT40 specimen for SBF-SEM			_:Gatan 3View SBF-SEM on FEI Quanta 250 FEG	SMC3CAPH/S1_{z:d}.dm4
data/SMC3CAPH/S1_212.dm4	26306004	http://bia/Image	S1		_:DT40 specimen for SBF-SEM			_:Gatan 3View SBF-SEM on FEI Quanta 250 FEG	SMC3CAPH/S1_{z:d}.dm4
data/SMC3CAPH/S1_213.dm4	26306004	http://bia/Image	S1		_:DT40 specimen for SBF-SEM			_:Gatan 3View SBF-SEM on FEI Quanta 250 FEG	SMC3CAPH/S1_{z:d}.dm4
data/SMC3CAPH/S1_214.dm4	26306004	http://bia/Image	S1		_:DT40 specimen for SBF-SEM			_:Gatan 3View SBF-SEM on FEI Quanta 250 FEG	SMC3CAPH/S1_{z:d}.dm4
data/SMC3CAPH/S1_215.dm4	26306004	http://bia/Image	S1		_:DT40 specimen for SBF-SEM			_:Gatan 3View SBF-SEM on FEI Quanta 250 FEG	SMC3CAPH/S1_{z:d}.dm4
data/SMC3CAPH/S1_216.dm4	26306004	http://bia/Image	S1		_:DT40 specimen for SBF-SEM			_:Gatan 3View SBF-SEM on FEI Quanta 250 FEG	SMC3CAPH/S1_{z:d}.dm4
data/SMC3CAPH/S1_217.dm4	26306004	http://bia/Image	S1		_:DT40 specimen for SBF-SEM			_:Gatan 3View SBF-SEM on FEI Quanta 250 FEG	SMC3CAPH/S1_{z:d}.dm4
data/SMC3CAPH/S1_218.dm4	26306004	http://bia/Image	S1		_:DT40 specimen for SBF-SEM			_:Gatan 3View SBF-SEM on FEI Quanta 250 FEG	SMC3CAPH/S1_{z:d}.dm4
data/SMC3CAPH/S1_219.dm4	26306004	http://bia/Image	S1		_:DT40 specimen for SBF-SEM			_:Gatan 3View SBF-SEM on FEI Quanta 250 FEG	SMC3CAPH/S1_{z:d}.dm4
data/SMC3CAPH/S1_220.dm4	26306004	http://bia/Image	S1		_:DT40 specimen for SBF-SEM			_:Gatan 3View SBF-SEM on FEI Quanta 250 FEG	SMC3CAPH/S1_{z:d}.dm4
data/SMC3CAPH/S1_221.dm4	26306185	http://bia/Image	S1		_:DT40 specimen for SBF-SEM			_:Gatan 3View SBF-SEM on FEI Quanta 250 FEG	SMC3CAPH/S1_{z:d}.dm4
data/SMC3CAPH/S1_222.dm4	26306004	http://bia/Image	S1		_:DT40 specimen for SBF-SEM			_:Gatan 3View SBF-SEM on FEI Quanta 250 FEG	SMC3CAPH/S1_{z:d}.dm4
data/SMC3CAPH/S1_223.dm4	26306004	http://bia/Image	S1		_:DT40 specimen for SBF-SEM			_:Gatan 3View SBF-SEM on FEI Quanta 250 FEG	SMC3CAPH/S1_{z:d}.dm4
data/SMC3CAPH/S1_224.dm4	26306004	http://bia/Image	S1		_:DT40 specimen for SBF-SEM			_:Gatan 3View SBF-SEM on FEI Quanta 250 FEG	SMC3CAPH/S1_{z:d}.dm4
data/SMC3CAPH/S1_225.dm4	26306185	http://bia/Image	S1		_:DT40 specimen for SBF-SEM			_:Gatan 3View SBF-SEM on FEI Quanta 250 FEG	SMC3CAPH/S1_{z:d}.dm4
data/SMC3CAPH/S1_226.dm4	26306004	http://bia/Image	S1		_:DT40 specimen for SBF-SEM			_:Gatan 3View SBF-SEM on FEI Quanta 250 FEG	SMC3CAPH/S1_{z:d}.dm4
data/SMC3CAPH/S1_227.dm4	26306004	http://bia/Image	S1		_:DT40 specimen for SBF-SEM			_:Gatan 3View SBF-SEM on FEI Quanta 250 FEG	SMC3CAPH/S1_{z:d}.dm4
data/SMC3CAPH/S1_228.dm4	26306004	http://bia/Image	S1		_:DT40 specimen for SBF-SEM			_:Gatan 3View SBF-SEM on FEI Quanta 250 FEG	SMC3CAPH/S1_{z:d}.dm4
data/SMC3CAPH/S1_229.dm4	26306098	http://bia/Image	S1		_:DT40 specimen for SBF-SEM			_:Gatan 3View SBF-SEM on FEI Quanta 250 FEG	SMC3CAPH/S1_{z:d}.dm4
data/SMC3CAPH/S1_230.dm4	26306004	http://bia/Image	S1		_:DT40 specimen for SBF-SEM			_:Gatan 3View SBF-SEM on FEI Quanta 250 FEG	SMC3CAPH/S1_{z:d}.dm4
data/SMC3CAPH/S1_231.dm4	26306004	http://bia/Image	S1		_:DT40 specimen for SBF-SEM			_:Gatan 3View SBF-SEM on FEI Quanta 250 FEG	SMC3CAPH/S1_{z:d}.dm4
